{
  "en": {
    "H_loss": 0.5273416677153232,
    "H_entropy": 0.5755227963074074,
    "H_top_k": 0.5059940127293415,
    "n_tokens": 102200,
    "mean_loss": 10.885148766530703,
    "mean_entropy": 10.76254005027144,
    "mean_top_k": 0.0006778728248410924,
    "step": 95000
  },
  "fr": {
    "H_loss": 0.5450831033499506,
    "H_entropy": 0.6195069493333426,
    "H_top_k": 0.504117396282982,
    "n_tokens": 102200,
    "mean_loss": 10.869893085121408,
    "mean_entropy": 10.75757475195099,
    "mean_top_k": 0.0007125374276940291,
    "step": 95000
  },
  "es": {
    "H_loss": 0.5214229291851485,
    "H_entropy": 0.5419977186825383,
    "H_top_k": 0.5166460905504763,
    "n_tokens": 102200,
    "mean_loss": 10.876242840845292,
    "mean_entropy": 10.759428086691406,
    "mean_top_k": 0.0006999845941770419,
    "step": 95000
  },
  "fi": {
    "H_loss": 0.5524113930957106,
    "H_entropy": 0.5538927889066455,
    "H_top_k": 0.5051847191875042,
    "n_tokens": 102200,
    "mean_loss": 10.877623183060066,
    "mean_entropy": 10.756573216574532,
    "mean_top_k": 0.0007194682997153615,
    "step": 95000
  },
  "ru": {
    "H_loss": 0.5258156369127129,
    "H_entropy": 0.5834931804880118,
    "H_top_k": 0.5269655861683233,
    "n_tokens": 102200,
    "mean_loss": 10.88251073088898,
    "mean_entropy": 10.762136544500079,
    "mean_top_k": 0.0006805077289188292,
    "step": 95000
  },
  "id": {
    "H_loss": 0.5230092889479409,
    "H_entropy": 0.5224981304074814,
    "H_top_k": 0.5000633048975195,
    "n_tokens": 102200,
    "mean_loss": 10.876494552365955,
    "mean_entropy": 10.764236450475256,
    "mean_top_k": 0.0006666388573537812,
    "step": 95000
  },
  "vi": {
    "H_loss": 0.548522059152075,
    "H_entropy": 0.6133960672607176,
    "H_top_k": 0.527173871373763,
    "n_tokens": 102200,
    "mean_loss": 10.873227300056039,
    "mean_entropy": 10.765536085481513,
    "mean_top_k": 0.0006571017404669192,
    "step": 95000
  },
  "zh": {
    "H_loss": 0.5451452484997118,
    "H_entropy": 0.6966974389031246,
    "H_top_k": 0.5456556124271492,
    "n_tokens": 102200,
    "mean_loss": 10.882534943868036,
    "mean_entropy": 10.756534226486595,
    "mean_top_k": 0.0007194186598371209,
    "step": 95000
  },
  "synth_a": {
    "H_loss": 0.527271692411371,
    "H_entropy": 0.5819406577824752,
    "H_top_k": 0.5174004681946461,
    "n_tokens": 102200,
    "mean_loss": 10.877717300786431,
    "mean_entropy": 10.762488762319904,
    "mean_top_k": 0.0006787376151895861,
    "step": 95000
  },
  "synth_b": {
    "H_loss": 0.5386394836510475,
    "H_entropy": 0.556762974065264,
    "H_top_k": 0.5078257030625452,
    "n_tokens": 102200,
    "mean_loss": 10.871705584834,
    "mean_entropy": 10.762625724032901,
    "mean_top_k": 0.0006772816191138536,
    "step": 95000
  },
  "synth_c": {
    "H_loss": 0.5553537371318398,
    "H_entropy": 0.5728834157204822,
    "H_top_k": 0.5194016626942203,
    "n_tokens": 102200,
    "mean_loss": 10.863974967796041,
    "mean_entropy": 10.764911478550234,
    "mean_top_k": 0.0006617575516524895,
    "step": 95000
  },
  "synth_d": {
    "H_loss": 0.532631084220892,
    "H_entropy": 0.5487735571931946,
    "H_top_k": 0.5058396620361176,
    "n_tokens": 102200,
    "mean_loss": 10.864949172667561,
    "mean_entropy": 10.765754469294837,
    "mean_top_k": 0.0006552190003034279,
    "step": 95000
  }
}